Date,HomeTeam,AwayTeam,HomeGoal,AwayGoal,Result
10/4/2017,Edmonton Oilers,Calgary Flames,3,0,H
10/4/2017,Pittsburgh Penguins,St. Louis Blues,4,5,A
10/4/2017,San Jose Sharks,Philadelphia Flyers,3,5,A
10/4/2017,Winnipeg Jets,Toronto Maple Leafs,2,7,A
10/5/2017,Anaheim Ducks,Arizona Coyotes,5,4,H
10/5/2017,Boston Bruins,Nashville Predators,4,3,H
10/5/2017,Buffalo Sabres,Montreal Canadiens,2,3,A
10/5/2017,Chicago Blackhawks,Pittsburgh Penguins,10,1,H
10/5/2017,Detroit Red Wings,Minnesota Wild,4,2,H
10/5/2017,Los Angeles Kings,Philadelphia Flyers,2,0,H
10/5/2017,New York Rangers,Colorado Avalanche,2,4,A
10/5/2017,Ottawa Senators,Washington Capitals,4,5,A
10/6/2017,Columbus Blue Jackets,New York Islanders,5,0,H
10/6/2017,Dallas Stars,Vegas Golden Knights,1,2,A
10/6/2017,Tampa Bay Lightning,Florida Panthers,5,3,H
10/7/2017,Anaheim Ducks,Philadelphia Flyers,2,3,A
10/7/2017,Arizona Coyotes,Vegas Golden Knights,1,2,A
10/7/2017,Carolina Hurricanes,Minnesota Wild,5,4,H
10/7/2017,Calgary Flames,Winnipeg Jets,6,3,H
10/7/2017,Chicago Blackhawks,Columbus Blue Jackets,5,1,H
10/7/2017,Florida Panthers,Tampa Bay Lightning,5,4,H
10/7/2017,New Jersey Devils,Colorado Avalanche,4,1,H
10/7/2017,New York Islanders,Buffalo Sabres,6,3,H
10/7/2017,Ottawa Senators,Detroit Red Wings,1,2,A
10/7/2017,Pittsburgh Penguins,Nashville Predators,4,0,H
10/7/2017,San Jose Sharks,Los Angeles Kings,1,4,A
10/7/2017,St. Louis Blues,Dallas Stars,4,2,H
10/7/2017,Toronto Maple Leafs,New York Rangers,8,5,H
10/7/2017,Vancouver Canucks,Edmonton Oilers,3,2,H
10/7/2017,Washington Capitals,Montreal Canadiens,6,1,H
10/8/2017,New York Rangers,Montreal Canadiens,2,0,H
10/9/2017,Anaheim Ducks,Calgary Flames,0,2,A
10/9/2017,Boston Bruins,Colorado Avalanche,0,4,A
10/9/2017,Buffalo Sabres,New Jersey Devils,2,6,A
10/9/2017,Edmonton Oilers,Winnipeg Jets,2,5,A
10/9/2017,New York Islanders,St. Louis Blues,2,3,A
10/9/2017,Tampa Bay Lightning,Washington Capitals,4,3,H
10/9/2017,Toronto Maple Leafs,Chicago Blackhawks,4,3,H
10/10/2017,Carolina Hurricanes,Columbus Blue Jackets,1,2,A
10/10/2017,Dallas Stars,Detroit Red Wings,4,2,H
10/10/2017,Montreal Canadiens,Chicago Blackhawks,1,3,A
10/10/2017,Nashville Predators,Philadelphia Flyers,6,5,H
10/10/2017,New York Rangers,St. Louis Blues,1,3,A
10/10/2017,Vancouver Canucks,Ottawa Senators,2,3,A
10/10/2017,Vegas Golden Knights,Arizona Coyotes,5,2,H
10/11/2017,Anaheim Ducks,New York Islanders,3,2,H
10/11/2017,Colorado Avalanche,Boston Bruins,6,3,H
10/11/2017,Los Angeles Kings,Calgary Flames,3,4,A
10/11/2017,Toronto Maple Leafs,New Jersey Devils,3,6,A
10/11/2017,Washington Capitals,Pittsburgh Penguins,2,3,A
10/12/2017,Arizona Coyotes,Detroit Red Wings,2,4,A
10/12/2017,Chicago Blackhawks,Minnesota Wild,2,5,A
10/12/2017,Florida Panthers,St. Louis Blues,5,2,H
10/12/2017,Nashville Predators,Dallas Stars,4,1,H
10/12/2017,San Jose Sharks,Buffalo Sabres,3,2,H
10/12/2017,Tampa Bay Lightning,Pittsburgh Penguins,5,4,H
10/12/2017,Vancouver Canucks,Winnipeg Jets,2,4,A
10/13/2017,Columbus Blue Jackets,New York Rangers,3,1,H
10/13/2017,Calgary Flames,Ottawa Senators,0,6,A
10/13/2017,Colorado Avalanche,Anaheim Ducks,3,1,H
10/13/2017,New Jersey Devils,Washington Capitals,2,5,A
10/13/2017,Vegas Golden Knights,Detroit Red Wings,3,6,A
10/14/2017,Arizona Coyotes,Boston Bruins,2,6,A
10/14/2017,Chicago Blackhawks,Nashville Predators,2,1,H
10/14/2017,Dallas Stars,Colorado Avalanche,3,1,H
10/14/2017,Edmonton Oilers,Ottawa Senators,1,6,A
10/14/2017,Los Angeles Kings,Buffalo Sabres,4,2,H
10/14/2017,Minnesota Wild,Columbus Blue Jackets,4,5,A
10/14/2017,Montreal Canadiens,Toronto Maple Leafs,3,4,A
10/14/2017,New York Rangers,New Jersey Devils,2,3,A
10/14/2017,Philadelphia Flyers,Washington Capitals,8,2,H
10/14/2017,Pittsburgh Penguins,Florida Panthers,4,3,H
10/14/2017,San Jose Sharks,New York Islanders,1,3,A
10/14/2017,Tampa Bay Lightning,St. Louis Blues,2,1,H
10/14/2017,Vancouver Canucks,Calgary Flames,2,5,A
10/14/2017,Winnipeg Jets,Carolina Hurricanes,2,1,H
10/15/2017,Anaheim Ducks,Buffalo Sabres,1,3,A
10/15/2017,Los Angeles Kings,New York Islanders,3,2,H
10/15/2017,Vegas Golden Knights,Boston Bruins,3,1,H
10/16/2017,Detroit Red Wings,Tampa Bay Lightning,2,3,A
10/17/2017,Dallas Stars,Arizona Coyotes,3,1,H
10/17/2017,Edmonton Oilers,Carolina Hurricanes,3,5,A
10/17/2017,New Jersey Devils,Tampa Bay Lightning,5,4,H
10/17/2017,Nashville Predators,Colorado Avalanche,4,1,H
10/17/2017,New York Rangers,Pittsburgh Penguins,4,5,A
10/17/2017,Ottawa Senators,Vancouver Canucks,0,3,A
10/17/2017,Philadelphia Flyers,Florida Panthers,5,1,H
10/17/2017,San Jose Sharks,Montreal Canadiens,5,2,H
10/17/2017,Vegas Golden Knights,Buffalo Sabres,5,4,H
10/17/2017,Winnipeg Jets,Columbus Blue Jackets,2,5,A
10/17/2017,Washington Capitals,Toronto Maple Leafs,0,2,A
10/18/2017,Los Angeles Kings,Montreal Canadiens,5,1,H
10/18/2017,St. Louis Blues,Chicago Blackhawks,5,2,H
10/18/2017,Toronto Maple Leafs,Detroit Red Wings,6,3,H
10/19/2017,Arizona Coyotes,Dallas Stars,4,5,A
10/19/2017,Boston Bruins,Vancouver Canucks,6,3,H
10/19/2017,Columbus Blue Jackets,Tampa Bay Lightning,0,2,A
10/19/2017,Calgary Flames,Carolina Hurricanes,1,2,A
10/19/2017,Chicago Blackhawks,Edmonton Oilers,1,2,A
10/19/2017,Colorado Avalanche,St. Louis Blues,3,4,A
10/19/2017,New York Rangers,New York Islanders,3,4,A
10/19/2017,Ottawa Senators,New Jersey Devils,4,5,A
10/19/2017,Philadelphia Flyers,Nashville Predators,0,1,A
10/20/2017,Anaheim Ducks,Montreal Canadiens,6,2,H
10/20/2017,Buffalo Sabres,Vancouver Canucks,2,4,A
10/20/2017,Detroit Red Wings,Washington Capitals,3,4,A
10/20/2017,Florida Panthers,Pittsburgh Penguins,3,4,A
10/20/2017,New Jersey Devils,San Jose Sharks,0,3,A
10/20/2017,Winnipeg Jets,Minnesota Wild,4,3,H
10/21/2017,Arizona Coyotes,Chicago Blackhawks,2,4,A
10/21/2017,Boston Bruins,Buffalo Sabres,4,5,A
10/21/2017,Columbus Blue Jackets,Los Angeles Kings,4,6,A
10/21/2017,Calgary Flames,Minnesota Wild,2,4,A
10/21/2017,Dallas Stars,Carolina Hurricanes,4,3,H
10/21/2017,New York Islanders,San Jose Sharks,5,3,H
10/21/2017,New York Rangers,Nashville Predators,4,2,H
10/21/2017,Ottawa Senators,Toronto Maple Leafs,6,3,H
10/21/2017,Philadelphia Flyers,Edmonton Oilers,2,1,H
10/21/2017,Tampa Bay Lightning,Pittsburgh Penguins,7,1,H
10/21/2017,Vegas Golden Knights,St. Louis Blues,3,2,H
10/21/2017,Washington Capitals,Florida Panthers,1,4,A
10/22/2017,Detroit Red Wings,Vancouver Canucks,1,4,A
10/23/2017,New York Rangers,San Jose Sharks,1,4,A
10/23/2017,Toronto Maple Leafs,Los Angeles Kings,3,2,H
10/24/2017,Buffalo Sabres,Detroit Red Wings,1,0,H
10/24/2017,Carolina Hurricanes,Tampa Bay Lightning,1,5,A
10/24/2017,Colorado Avalanche,Dallas Stars,5,3,H
10/24/2017,Minnesota Wild,Vancouver Canucks,0,1,A
10/24/2017,Montreal Canadiens,Florida Panthers,5,1,H
10/24/2017,Nashville Predators,Calgary Flames,2,3,A
10/24/2017,New York Islanders,Arizona Coyotes,5,3,H
10/24/2017,Ottawa Senators,Los Angeles Kings,2,3,A
10/24/2017,Philadelphia Flyers,Anaheim Ducks,2,6,A
10/24/2017,Pittsburgh Penguins,Edmonton Oilers,2,1,H
10/24/2017,Vegas Golden Knights,Chicago Blackhawks,4,2,H
10/25/2017,Columbus Blue Jackets,Buffalo Sabres,5,1,H
10/25/2017,St. Louis Blues,Calgary Flames,5,2,H
10/26/2017,Boston Bruins,San Jose Sharks,2,1,H
10/26/2017,Edmonton Oilers,Dallas Stars,5,4,H
10/26/2017,Florida Panthers,Anaheim Ducks,8,3,H
10/26/2017,Minnesota Wild,New York Islanders,6,4,H
10/26/2017,Montreal Canadiens,Los Angeles Kings,0,4,A
10/26/2017,New York Rangers,Arizona Coyotes,5,2,H
10/26/2017,Ottawa Senators,Philadelphia Flyers,5,4,H
10/26/2017,Pittsburgh Penguins,Winnipeg Jets,2,1,H
10/26/2017,Tampa Bay Lightning,Detroit Red Wings,3,2,H
10/26/2017,Toronto Maple Leafs,Carolina Hurricanes,3,6,A
10/26/2017,Vancouver Canucks,Washington Capitals,6,2,H
10/27/2017,Carolina Hurricanes,St. Louis Blues,1,2,A
10/27/2017,Columbus Blue Jackets,Winnipeg Jets,2,1,H
10/27/2017,Calgary Flames,Dallas Stars,1,2,A
10/27/2017,Chicago Blackhawks,Nashville Predators,1,2,A
10/27/2017,New Jersey Devils,Ottawa Senators,5,4,H
10/27/2017,Vegas Golden Knights,Colorado Avalanche,7,0,H
10/28/2017,Boston Bruins,Los Angeles Kings,1,2,A
10/28/2017,Buffalo Sabres,San Jose Sharks,2,3,A
10/28/2017,Colorado Avalanche,Chicago Blackhawks,6,3,H
10/28/2017,Edmonton Oilers,Washington Capitals,2,5,A
10/28/2017,Florida Panthers,Detroit Red Wings,2,3,A
10/28/2017,Minnesota Wild,Pittsburgh Penguins,2,1,H
10/28/2017,Montreal Canadiens,New York Rangers,5,4,H
10/28/2017,New Jersey Devils,Arizona Coyotes,4,3,H
10/28/2017,Nashville Predators,New York Islanders,2,6,A
10/28/2017,St. Louis Blues,Columbus Blue Jackets,4,1,H
10/28/2017,Tampa Bay Lightning,Anaheim Ducks,1,4,A
10/28/2017,Toronto Maple Leafs,Philadelphia Flyers,2,4,A
10/29/2017,Carolina Hurricanes,Anaheim Ducks,3,4,A
10/29/2017,Calgary Flames,Washington Capitals,2,1,H
10/29/2017,Winnipeg Jets,Pittsburgh Penguins,7,1,H
10/30/2017,Columbus Blue Jackets,Boston Bruins,4,3,H
10/30/2017,Florida Panthers,Tampa Bay Lightning,5,8,A
10/30/2017,New York Islanders,Vegas Golden Knights,6,3,H
10/30/2017,Ottawa Senators,Montreal Canadiens,3,8,A
10/30/2017,Philadelphia Flyers,Arizona Coyotes,3,4,A
10/30/2017,San Jose Sharks,Toronto Maple Leafs,3,2,H
10/30/2017,St. Louis Blues,Los Angeles Kings,4,2,H
10/30/2017,Vancouver Canucks,Dallas Stars,1,2,A
10/31/2017,Detroit Red Wings,Arizona Coyotes,5,3,H
10/31/2017,Minnesota Wild,Winnipeg Jets,1,2,A
10/31/2017,New York Rangers,Vegas Golden Knights,6,4,H
11/1/2017,Anaheim Ducks,Toronto Maple Leafs,1,3,A
11/1/2017,Chicago Blackhawks,Philadelphia Flyers,3,0,H
11/1/2017,Edmonton Oilers,Pittsburgh Penguins,2,3,A
11/1/2017,San Jose Sharks,Nashville Predators,4,1,H
11/1/2017,Vancouver Canucks,New Jersey Devils,0,2,A
11/2/2017,Arizona Coyotes,Buffalo Sabres,4,5,A
11/2/2017,Boston Bruins,Vegas Golden Knights,2,1,H
11/2/2017,Calgary Flames,Pittsburgh Penguins,2,1,H
11/2/2017,Colorado Avalanche,Carolina Hurricanes,5,3,H
11/2/2017,Florida Panthers,Columbus Blue Jackets,3,7,A
11/2/2017,Los Angeles Kings,Toronto Maple Leafs,5,3,H
11/2/2017,Minnesota Wild,Montreal Canadiens,6,3,H
11/2/2017,Ottawa Senators,Detroit Red Wings,3,1,H
11/2/2017,St. Louis Blues,Philadelphia Flyers,0,2,A
11/2/2017,Tampa Bay Lightning,New York Rangers,1,2,A
11/2/2017,Winnipeg Jets,Dallas Stars,5,2,H
11/2/2017,Washington Capitals,New York Islanders,4,3,H
11/3/2017,Anaheim Ducks,Nashville Predators,3,5,A
11/3/2017,Edmonton Oilers,New Jersey Devils,6,3,H
11/4/2017,Arizona Coyotes,Carolina Hurricanes,2,1,H
11/4/2017,Boston Bruins,Washington Capitals,2,3,A
11/4/2017,Dallas Stars,Buffalo Sabres,5,1,H
11/4/2017,Florida Panthers,New York Rangers,4,5,A
11/4/2017,Los Angeles Kings,Nashville Predators,3,4,A
11/4/2017,Minnesota Wild,Chicago Blackhawks,0,2,A
11/4/2017,Ottawa Senators,Vegas Golden Knights,4,5,A
11/4/2017,Philadelphia Flyers,Colorado Avalanche,4,5,A
11/4/2017,San Jose Sharks,Anaheim Ducks,2,1,H
11/4/2017,St. Louis Blues,Toronto Maple Leafs,6,4,H
11/4/2017,Tampa Bay Lightning,Columbus Blue Jackets,5,4,H
11/4/2017,Vancouver Canucks,Pittsburgh Penguins,4,2,H
11/4/2017,Winnipeg Jets,Montreal Canadiens,4,5,A
11/5/2017,Calgary Flames,New Jersey Devils,5,4,H
11/5/2017,Chicago Blackhawks,Montreal Canadiens,0,2,A
11/5/2017,Edmonton Oilers,Detroit Red Wings,0,4,A
11/5/2017,New York Islanders,Colorado Avalanche,6,4,H
11/6/2017,Boston Bruins,Minnesota Wild,5,3,H
11/6/2017,Dallas Stars,Winnipeg Jets,1,4,A
11/6/2017,New York Rangers,Columbus Blue Jackets,5,3,H
11/6/2017,Toronto Maple Leafs,Vegas Golden Knights,4,3,H
11/6/2017,Vancouver Canucks,Detroit Red Wings,2,3,A
11/6/2017,Washington Capitals,Arizona Coyotes,3,2,H
11/7/2017,Anaheim Ducks,Los Angeles Kings,3,4,A
11/7/2017,Buffalo Sabres,Washington Capitals,3,1,H
11/7/2017,Carolina Hurricanes,Florida Panthers,3,1,H
11/7/2017,Columbus Blue Jackets,Nashville Predators,1,3,A
11/7/2017,Calgary Flames,Vancouver Canucks,3,5,A
11/7/2017,Montreal Canadiens,Vegas Golden Knights,3,2,H
11/7/2017,New Jersey Devils,St. Louis Blues,1,3,A
11/7/2017,New York Islanders,Edmonton Oilers,1,2,A
11/7/2017,Pittsburgh Penguins,Arizona Coyotes,3,1,H
11/8/2017,New York Rangers,Boston Bruins,4,2,H
11/8/2017,San Jose Sharks,Tampa Bay Lightning,1,5,A
11/8/2017,Toronto Maple Leafs,Minnesota Wild,4,2,H
11/9/2017,Anaheim Ducks,Vancouver Canucks,4,1,H
11/9/2017,Calgary Flames,Detroit Red Wings,6,3,H
11/9/2017,Los Angeles Kings,Tampa Bay Lightning,2,5,A
11/9/2017,Montreal Canadiens,Minnesota Wild,0,3,A
11/9/2017,New Jersey Devils,Edmonton Oilers,2,3,A
11/9/2017,Philadelphia Flyers,Chicago Blackhawks,3,1,H
11/9/2017,St. Louis Blues,Arizona Coyotes,3,2,H
11/10/2017,Buffalo Sabres,Florida Panthers,1,4,A
11/10/2017,Columbus Blue Jackets,Carolina Hurricanes,1,3,A
11/10/2017,Colorado Avalanche,Ottawa Senators,3,4,A
11/10/2017,Dallas Stars,New York Islanders,5,0,H
11/10/2017,Toronto Maple Leafs,Boston Bruins,3,2,H
11/10/2017,Vegas Golden Knights,Winnipeg Jets,5,2,H
11/10/2017,Washington Capitals,Pittsburgh Penguins,4,1,H
11/11/2017,Arizona Coyotes,Winnipeg Jets,1,4,A
11/11/2017,Boston Bruins,Toronto Maple Leafs,1,4,A
11/11/2017,Carolina Hurricanes,Chicago Blackhawks,3,4,A
11/11/2017,Detroit Red Wings,Columbus Blue Jackets,1,2,A
11/11/2017,Montreal Canadiens,Buffalo Sabres,2,1,H
11/11/2017,New Jersey Devils,Florida Panthers,2,1,H
11/11/2017,Nashville Predators,Pittsburgh Penguins,5,4,H
11/11/2017,New York Rangers,Edmonton Oilers,4,2,H
11/11/2017,Ottawa Senators,Colorado Avalanche,4,3,H
11/11/2017,Philadelphia Flyers,Minnesota Wild,0,1,A
11/11/2017,San Jose Sharks,Vancouver Canucks,5,0,H
11/11/2017,St. Louis Blues,New York Islanders,2,5,A
11/12/2017,Anaheim Ducks,Tampa Bay Lightning,1,2,A
11/12/2017,Chicago Blackhawks,New Jersey Devils,5,7,A
11/12/2017,Los Angeles Kings,San Jose Sharks,1,2,A
11/12/2017,Washington Capitals,Edmonton Oilers,2,1,H
11/13/2017,Carolina Hurricanes,Dallas Stars,5,1,H
11/13/2017,Calgary Flames,St. Louis Blues,7,4,H
11/14/2017,Edmonton Oilers,Vegas Golden Knights,8,2,H
11/14/2017,Florida Panthers,Dallas Stars,4,3,H
11/14/2017,Los Angeles Kings,Vancouver Canucks,2,3,A
11/14/2017,Minnesota Wild,Philadelphia Flyers,3,0,H
11/14/2017,Montreal Canadiens,Columbus Blue Jackets,1,2,A
11/14/2017,Nashville Predators,Washington Capitals,6,3,H
11/14/2017,Pittsburgh Penguins,Buffalo Sabres,5,4,H
11/14/2017,Winnipeg Jets,Arizona Coyotes,4,1,H
11/15/2017,Anaheim Ducks,Boston Bruins,4,2,H
11/15/2017,Chicago Blackhawks,New York Rangers,6,3,H
11/15/2017,Detroit Red Wings,Calgary Flames,8,2,H
11/16/2017,Colorado Avalanche,Washington Capitals,6,2,H
11/16/2017,Edmonton Oilers,St. Louis Blues,1,4,A
11/16/2017,Los Angeles Kings,Boston Bruins,1,2,A
11/16/2017,Minnesota Wild,Nashville Predators,6,4,H
11/16/2017,Montreal Canadiens,Arizona Coyotes,4,5,A
11/16/2017,New York Islanders,Carolina Hurricanes,6,4,H
11/16/2017,Ottawa Senators,Pittsburgh Penguins,1,3,A
11/16/2017,San Jose Sharks,Florida Panthers,0,2,A
11/16/2017,Tampa Bay Lightning,Dallas Stars,6,1,H
11/16/2017,Toronto Maple Leafs,New Jersey Devils,1,0,H
11/16/2017,Vancouver Canucks,Vegas Golden Knights,2,5,A
11/16/2017,Winnipeg Jets,Philadelphia Flyers,3,2,H
11/17/2017,Columbus Blue Jackets,New York Rangers,2,0,H
11/17/2017,Detroit Red Wings,Buffalo Sabres,3,1,H
11/18/2017,Buffalo Sabres,Carolina Hurricanes,1,3,A
11/18/2017,Dallas Stars,Edmonton Oilers,6,3,H
11/18/2017,Los Angeles Kings,Florida Panthers,4,0,H
11/18/2017,Montreal Canadiens,Toronto Maple Leafs,0,6,A
11/18/2017,Nashville Predators,Colorado Avalanche,5,2,H
11/18/2017,Ottawa Senators,Arizona Coyotes,2,3,A
11/18/2017,Philadelphia Flyers,Calgary Flames,4,5,A
11/18/2017,Pittsburgh Penguins,Chicago Blackhawks,1,2,A
11/18/2017,San Jose Sharks,Boston Bruins,1,3,A
11/18/2017,Tampa Bay Lightning,New York Islanders,3,5,A
11/18/2017,Vancouver Canucks,St. Louis Blues,3,4,A
11/18/2017,Winnipeg Jets,New Jersey Devils,5,2,H
11/18/2017,Washington Capitals,Minnesota Wild,3,1,H
11/19/2017,Anaheim Ducks,Florida Panthers,3,2,H
11/19/2017,Carolina Hurricanes,New York Islanders,4,2,H
11/19/2017,Detroit Red Wings,Colorado Avalanche,3,4,A
11/19/2017,New York Rangers,Ottawa Senators,3,0,H
11/19/2017,Vegas Golden Knights,Los Angeles Kings,4,2,H
11/20/2017,Buffalo Sabres,Columbus Blue Jackets,2,3,A
11/20/2017,Minnesota Wild,New Jersey Devils,3,4,A
11/20/2017,Nashville Predators,Winnipeg Jets,5,3,H
11/20/2017,San Jose Sharks,Anaheim Ducks,2,3,A
11/20/2017,Toronto Maple Leafs,Arizona Coyotes,1,4,A
11/20/2017,Washington Capitals,Calgary Flames,1,4,A
11/21/2017,Dallas Stars,Montreal Canadiens,3,1,H
11/21/2017,Philadelphia Flyers,Vancouver Canucks,2,5,A
11/21/2017,St. Louis Blues,Edmonton Oilers,8,3,H
11/22/2017,Anaheim Ducks,Vegas Golden Knights,2,4,A
11/22/2017,Arizona Coyotes,San Jose Sharks,1,3,A
11/22/2017,Buffalo Sabres,Minnesota Wild,4,5,A
11/22/2017,Carolina Hurricanes,New York Rangers,1,6,A
11/22/2017,Columbus Blue Jackets,Calgary Flames,1,0,H
11/22/2017,Colorado Avalanche,Dallas Stars,3,0,H
11/22/2017,Detroit Red Wings,Edmonton Oilers,2,6,A
11/22/2017,Florida Panthers,Toronto Maple Leafs,2,1,H
11/22/2017,Los Angeles Kings,Winnipeg Jets,1,2,A
11/22/2017,New Jersey Devils,Boston Bruins,2,3,A
11/22/2017,Nashville Predators,Montreal Canadiens,3,2,H
11/22/2017,New York Islanders,Philadelphia Flyers,4,3,H
11/22/2017,Pittsburgh Penguins,Vancouver Canucks,2,5,A
11/22/2017,Tampa Bay Lightning,Chicago Blackhawks,3,2,H
11/22/2017,Washington Capitals,Ottawa Senators,5,2,H
11/24/2017,Anaheim Ducks,Winnipeg Jets,1,4,A
11/24/2017,Arizona Coyotes,Los Angeles Kings,3,2,H
11/24/2017,Boston Bruins,Pittsburgh Penguins,4,3,H
11/24/2017,Buffalo Sabres,Edmonton Oilers,3,1,H
11/24/2017,Carolina Hurricanes,Toronto Maple Leafs,4,5,A
11/24/2017,Columbus Blue Jackets,Ottawa Senators,5,2,H
11/24/2017,Dallas Stars,Calgary Flames,6,4,H
11/24/2017,Minnesota Wild,Colorado Avalanche,3,2,H
11/24/2017,New Jersey Devils,Vancouver Canucks,3,2,H
11/24/2017,New York Rangers,Detroit Red Wings,2,1,H
11/24/2017,Philadelphia Flyers,New York Islanders,4,5,A
11/24/2017,St. Louis Blues,Nashville Predators,0,2,A
11/24/2017,Vegas Golden Knights,San Jose Sharks,5,4,H
11/24/2017,Washington Capitals,Tampa Bay Lightning,3,1,H
11/25/2017,Arizona Coyotes,Vegas Golden Knights,2,4,A
11/25/2017,Colorado Avalanche,Calgary Flames,2,3,A
11/25/2017,Detroit Red Wings,New Jersey Devils,3,4,A
11/25/2017,Florida Panthers,Chicago Blackhawks,1,4,A
11/25/2017,Los Angeles Kings,Anaheim Ducks,2,1,H
11/25/2017,Montreal Canadiens,Buffalo Sabres,3,0,H
11/25/2017,Ottawa Senators,New York Islanders,1,2,A
11/25/2017,Pittsburgh Penguins,Tampa Bay Lightning,5,2,H
11/25/2017,San Jose Sharks,Winnipeg Jets,4,0,H
11/25/2017,St. Louis Blues,Minnesota Wild,6,3,H
11/25/2017,Toronto Maple Leafs,Washington Capitals,2,4,A
11/26/2017,Boston Bruins,Edmonton Oilers,2,4,A
11/26/2017,Carolina Hurricanes,Nashville Predators,4,3,H
11/26/2017,New York Rangers,Vancouver Canucks,4,3,H
11/27/2017,Chicago Blackhawks,Anaheim Ducks,7,3,H
11/27/2017,Montreal Canadiens,Columbus Blue Jackets,3,1,H
11/27/2017,New Jersey Devils,Florida Panthers,2,3,A
11/27/2017,Pittsburgh Penguins,Philadelphia Flyers,5,4,H
11/27/2017,Winnipeg Jets,Minnesota Wild,7,2,H
11/28/2017,Buffalo Sabres,Tampa Bay Lightning,0,2,A
11/28/2017,Columbus Blue Jackets,Carolina Hurricanes,3,2,H
11/28/2017,Calgary Flames,Toronto Maple Leafs,1,4,A
11/28/2017,Detroit Red Wings,Los Angeles Kings,1,4,A
11/28/2017,Edmonton Oilers,Arizona Coyotes,3,2,H
11/28/2017,Nashville Predators,Chicago Blackhawks,3,2,H
11/28/2017,New York Islanders,Vancouver Canucks,5,2,H
11/28/2017,New York Rangers,Florida Panthers,4,5,A
11/28/2017,Philadelphia Flyers,San Jose Sharks,1,3,A
11/28/2017,Vegas Golden Knights,Dallas Stars,0,3,A
11/29/2017,Boston Bruins,Tampa Bay Lightning,3,2,H
11/29/2017,Colorado Avalanche,Winnipeg Jets,3,2,H
11/29/2017,Montreal Canadiens,Ottawa Senators,2,1,H
11/29/2017,St. Louis Blues,Anaheim Ducks,2,3,A
11/30/2017,Calgary Flames,Arizona Coyotes,3,0,H
11/30/2017,Chicago Blackhawks,Dallas Stars,3,4,A
11/30/2017,Detroit Red Wings,Montreal Canadiens,3,6,A
11/30/2017,Edmonton Oilers,Toronto Maple Leafs,4,6,A
11/30/2017,Minnesota Wild,Vegas Golden Knights,4,2,H
11/30/2017,Nashville Predators,Vancouver Canucks,3,5,A
11/30/2017,Washington Capitals,Los Angeles Kings,2,5,A
12/1/2017,Buffalo Sabres,Pittsburgh Penguins,0,4,A
12/1/2017,Columbus Blue Jackets,Anaheim Ducks,4,2,H
12/1/2017,Colorado Avalanche,New Jersey Devils,1,2,A
12/1/2017,Florida Panthers,San Jose Sharks,1,2,A
12/1/2017,New York Islanders,Ottawa Senators,5,6,A
12/1/2017,New York Rangers,Carolina Hurricanes,5,1,H
12/1/2017,St. Louis Blues,Los Angeles Kings,1,4,A
12/1/2017,Winnipeg Jets,Vegas Golden Knights,7,4,H
12/2/2017,Arizona Coyotes,New Jersey Devils,5,0,H
12/2/2017,Carolina Hurricanes,Florida Panthers,3,2,H
12/2/2017,Calgary Flames,Edmonton Oilers,5,7,A
12/2/2017,Dallas Stars,Chicago Blackhawks,3,2,H
12/2/2017,Minnesota Wild,St. Louis Blues,2,1,H
12/2/2017,Montreal Canadiens,Detroit Red Wings,10,1,H
12/2/2017,Nashville Predators,Anaheim Ducks,3,2,H
12/2/2017,Philadelphia Flyers,Boston Bruins,0,3,A
12/2/2017,Pittsburgh Penguins,Buffalo Sabres,5,1,H
12/2/2017,Tampa Bay Lightning,San Jose Sharks,5,2,H
12/2/2017,Vancouver Canucks,Toronto Maple Leafs,2,1,H
12/2/2017,Washington Capitals,Columbus Blue Jackets,4,3,H
12/3/2017,Chicago Blackhawks,Los Angeles Kings,1,3,A
12/3/2017,Colorado Avalanche,Dallas Stars,2,7,A
12/3/2017,Vegas Golden Knights,Arizona Coyotes,3,2,H
12/3/2017,Winnipeg Jets,Ottawa Senators,5,0,H
12/4/2017,Calgary Flames,Philadelphia Flyers,2,5,A
12/4/2017,Florida Panthers,New York Islanders,4,5,A
12/4/2017,Nashville Predators,Boston Bruins,5,3,H
12/4/2017,Washington Capitals,San Jose Sharks,4,1,H
12/5/2017,Columbus Blue Jackets,New Jersey Devils,1,4,A
12/5/2017,Colorado Avalanche,Buffalo Sabres,2,4,A
12/5/2017,Dallas Stars,Nashville Predators,2,5,A
12/5/2017,Detroit Red Wings,Winnipeg Jets,5,1,H
12/5/2017,Los Angeles Kings,Minnesota Wild,5,2,H
12/5/2017,Montreal Canadiens,St. Louis Blues,3,4,A
12/5/2017,Pittsburgh Penguins,New York Rangers,3,4,A
12/5/2017,Tampa Bay Lightning,New York Islanders,6,2,H
12/5/2017,Vancouver Canucks,Carolina Hurricanes,3,0,H
12/5/2017,Vegas Golden Knights,Anaheim Ducks,4,3,H
12/6/2017,Anaheim Ducks,Ottawa Senators,3,0,H
12/6/2017,Edmonton Oilers,Philadelphia Flyers,2,4,A
12/6/2017,Toronto Maple Leafs,Calgary Flames,2,1,H
12/6/2017,Washington Capitals,Chicago Blackhawks,6,2,H
12/7/2017,Boston Bruins,Arizona Coyotes,6,1,H
12/7/2017,Florida Panthers,Winnipeg Jets,6,4,H
12/7/2017,Los Angeles Kings,Ottawa Senators,4,3,H
12/7/2017,Montreal Canadiens,Calgary Flames,2,3,A
12/7/2017,Pittsburgh Penguins,New York Islanders,4,3,H
12/7/2017,San Jose Sharks,Carolina Hurricanes,5,4,H
12/7/2017,St. Louis Blues,Dallas Stars,3,0,H
12/7/2017,Tampa Bay Lightning,Colorado Avalanche,5,2,H
12/7/2017,Vancouver Canucks,Philadelphia Flyers,1,4,A
12/8/2017,Anaheim Ducks,Minnesota Wild,2,3,A
12/8/2017,Chicago Blackhawks,Buffalo Sabres,3,2,H
12/8/2017,New Jersey Devils,Columbus Blue Jackets,3,5,A
12/8/2017,Nashville Predators,Vegas Golden Knights,3,4,A
12/8/2017,Washington Capitals,New York Rangers,4,2,H
12/9/2017,Boston Bruins,New York Islanders,3,1,H
12/9/2017,Columbus Blue Jackets,Arizona Coyotes,1,0,H
12/9/2017,Calgary Flames,Vancouver Canucks,4,2,H
12/9/2017,Dallas Stars,Vegas Golden Knights,3,5,A
12/9/2017,Detroit Red Wings,St. Louis Blues,1,6,A
12/9/2017,Florida Panthers,Colorado Avalanche,3,7,A
12/9/2017,Los Angeles Kings,Carolina Hurricanes,3,2,H
12/9/2017,Montreal Canadiens,Edmonton Oilers,2,6,A
12/9/2017,New York Rangers,New Jersey Devils,5,2,H
12/9/2017,Pittsburgh Penguins,Toronto Maple Leafs,3,4,A
12/9/2017,San Jose Sharks,Ottawa Senators,5,0,H
12/9/2017,Tampa Bay Lightning,Winnipeg Jets,4,3,H
12/10/2017,Chicago Blackhawks,Arizona Coyotes,3,1,H
12/10/2017,San Jose Sharks,Minnesota Wild,3,4,A
12/10/2017,St. Louis Blues,Buffalo Sabres,3,2,H
12/10/2017,Toronto Maple Leafs,Edmonton Oilers,1,0,H
12/11/2017,Anaheim Ducks,Carolina Hurricanes,3,2,H
12/11/2017,Detroit Red Wings,Florida Panthers,1,2,A
12/11/2017,New York Islanders,Washington Capitals,3,1,H
12/11/2017,New York Rangers,Dallas Stars,1,2,A
12/11/2017,Pittsburgh Penguins,Colorado Avalanche,1,2,A
12/11/2017,Winnipeg Jets,Vancouver Canucks,5,1,H
12/12/2017,Buffalo Sabres,Ottawa Senators,3,2,H
12/12/2017,Columbus Blue Jackets,Edmonton Oilers,2,7,A
12/12/2017,Chicago Blackhawks,Florida Panthers,3,2,H
12/12/2017,Minnesota Wild,Calgary Flames,2,1,H
12/12/2017,New Jersey Devils,Los Angeles Kings,5,1,H
12/12/2017,Philadelphia Flyers,Toronto Maple Leafs,4,2,H
12/12/2017,St. Louis Blues,Tampa Bay Lightning,0,3,A
12/12/2017,Vegas Golden Knights,Carolina Hurricanes,2,3,A
12/12/2017,Washington Capitals,Colorado Avalanche,5,2,H
12/13/2017,Detroit Red Wings,Boston Bruins,2,3,A
12/13/2017,New York Islanders,Dallas Stars,2,5,A
12/13/2017,Ottawa Senators,New York Rangers,3,2,H
12/13/2017,Vancouver Canucks,Nashville Predators,1,7,A
12/14/2017,Arizona Coyotes,Tampa Bay Lightning,1,4,A
12/14/2017,Boston Bruins,Washington Capitals,3,5,A
12/14/2017,Columbus Blue Jackets,New York Islanders,6,4,H
12/14/2017,Calgary Flames,San Jose Sharks,2,3,A
12/14/2017,Colorado Avalanche,Florida Panthers,2,1,H
12/14/2017,Edmonton Oilers,Nashville Predators,0,4,A
12/14/2017,Minnesota Wild,Toronto Maple Leafs,2,0,H
12/14/2017,Montreal Canadiens,New Jersey Devils,2,1,H
12/14/2017,Philadelphia Flyers,Buffalo Sabres,2,1,H
12/14/2017,St. Louis Blues,Anaheim Ducks,1,3,A
12/14/2017,Vegas Golden Knights,Pittsburgh Penguins,2,1,H
12/14/2017,Winnipeg Jets,Chicago Blackhawks,1,5,A
12/15/2017,Buffalo Sabres,Carolina Hurricanes,4,5,A
12/15/2017,Detroit Red Wings,Toronto Maple Leafs,3,1,H
12/15/2017,New Jersey Devils,Dallas Stars,5,2,H
12/15/2017,New York Rangers,Los Angeles Kings,4,2,H
12/15/2017,Vancouver Canucks,San Jose Sharks,4,3,H
12/16/2017,Arizona Coyotes,Pittsburgh Penguins,2,4,A
12/16/2017,Boston Bruins,New York Rangers,2,3,A
12/16/2017,Carolina Hurricanes,Columbus Blue Jackets,2,1,H
12/16/2017,Calgary Flames,Nashville Predators,0,2,A
12/16/2017,Colorado Avalanche,Tampa Bay Lightning,5,6,A
12/16/2017,Minnesota Wild,Edmonton Oilers,2,3,A
12/16/2017,New York Islanders,Los Angeles Kings,4,3,H
12/16/2017,Ottawa Senators,Montreal Canadiens,3,0,H
12/16/2017,Philadelphia Flyers,Dallas Stars,2,1,H
12/16/2017,St. Louis Blues,Winnipeg Jets,2,0,H
12/16/2017,Washington Capitals,Anaheim Ducks,3,2,H
12/17/2017,Chicago Blackhawks,Minnesota Wild,4,1,H
12/17/2017,Vancouver Canucks,Calgary Flames,1,6,A
12/17/2017,Vegas Golden Knights,Florida Panthers,5,2,H
12/17/2017,Winnipeg Jets,St. Louis Blues,4,0,H
12/18/2017,Boston Bruins,Columbus Blue Jackets,7,2,H
12/18/2017,Colorado Avalanche,Pittsburgh Penguins,4,2,H
12/18/2017,Edmonton Oilers,San Jose Sharks,5,3,H
12/18/2017,New Jersey Devils,Anaheim Ducks,5,3,H
12/18/2017,Philadelphia Flyers,Los Angeles Kings,1,4,A
12/19/2017,Arizona Coyotes,Florida Panthers,2,3,A
12/19/2017,Buffalo Sabres,Boston Bruins,0,3,A
12/19/2017,Dallas Stars,Washington Capitals,3,4,A
12/19/2017,Nashville Predators,Winnipeg Jets,4,6,A
12/19/2017,New York Islanders,Detroit Red Wings,3,6,A
12/19/2017,New York Rangers,Anaheim Ducks,4,1,H
12/19/2017,Ottawa Senators,Minnesota Wild,4,6,A
12/19/2017,Toronto Maple Leafs,Carolina Hurricanes,8,1,H
12/19/2017,Vancouver Canucks,Montreal Canadiens,5,7,A
12/19/2017,Vegas Golden Knights,Tampa Bay Lightning,4,3,H
12/20/2017,Columbus Blue Jackets,Toronto Maple Leafs,4,2,H
12/20/2017,Calgary Flames,St. Louis Blues,2,1,H
12/20/2017,Philadelphia Flyers,Detroit Red Wings,4,3,H
12/21/2017,Boston Bruins,Winnipeg Jets,2,1,H
12/21/2017,Dallas Stars,Chicago Blackhawks,4,0,H
12/21/2017,Edmonton Oilers,St. Louis Blues,3,2,H
12/21/2017,Los Angeles Kings,Colorado Avalanche,2,1,H
12/21/2017,New Jersey Devils,New York Rangers,4,3,H
12/21/2017,Nashville Predators,Carolina Hurricanes,1,4,A
12/21/2017,New York Islanders,Anaheim Ducks,4,5,A
12/21/2017,Pittsburgh Penguins,Columbus Blue Jackets,3,2,H
12/21/2017,San Jose Sharks,Vancouver Canucks,5,4,H
12/21/2017,Tampa Bay Lightning,Ottawa Senators,4,3,H
12/22/2017,Arizona Coyotes,Washington Capitals,3,2,H
12/22/2017,Buffalo Sabres,Philadelphia Flyers,4,2,H
12/22/2017,Calgary Flames,Montreal Canadiens,2,3,A
12/22/2017,Florida Panthers,Minnesota Wild,4,2,H
12/23/2017,Arizona Coyotes,Colorado Avalanche,2,6,A
12/23/2017,Boston Bruins,Detroit Red Wings,3,1,H
12/23/2017,Carolina Hurricanes,Buffalo Sabres,4,2,H
12/23/2017,Columbus Blue Jackets,Philadelphia Flyers,2,1,H
12/23/2017,Dallas Stars,Nashville Predators,4,3,H
12/23/2017,Edmonton Oilers,Montreal Canadiens,4,1,H
12/23/2017,Florida Panthers,Ottawa Senators,1,0,H
12/23/2017,New Jersey Devils,Chicago Blackhawks,4,1,H
12/23/2017,New York Islanders,Winnipeg Jets,5,2,H
12/23/2017,New York Rangers,Toronto Maple Leafs,2,3,A
12/23/2017,Pittsburgh Penguins,Anaheim Ducks,0,4,A
12/23/2017,San Jose Sharks,Los Angeles Kings,2,0,H
12/23/2017,Tampa Bay Lightning,Minnesota Wild,3,0,H
12/23/2017,Vancouver Canucks,St. Louis Blues,1,3,A
12/23/2017,Vegas Golden Knights,Washington Capitals,3,0,H
12/27/2017,Anaheim Ducks,Vegas Golden Knights,1,4,A
12/27/2017,Boston Bruins,Ottawa Senators,5,1,H
12/27/2017,Carolina Hurricanes,Montreal Canadiens,3,1,H
12/27/2017,Colorado Avalanche,Arizona Coyotes,1,3,A
12/27/2017,Minnesota Wild,Dallas Stars,4,2,H
12/27/2017,New Jersey Devils,Detroit Red Wings,3,1,H
12/27/2017,New York Islanders,Buffalo Sabres,3,2,H
12/27/2017,New York Rangers,Washington Capitals,1,0,H
12/27/2017,Pittsburgh Penguins,Columbus Blue Jackets,5,4,H
12/27/2017,St. Louis Blues,Nashville Predators,1,2,A
12/27/2017,Winnipeg Jets,Edmonton Oilers,4,3,H
12/28/2017,Arizona Coyotes,Toronto Maple Leafs,4,7,A
12/28/2017,Florida Panthers,Philadelphia Flyers,3,2,H
12/28/2017,Los Angeles Kings,Vegas Golden Knights,2,3,A
12/28/2017,San Jose Sharks,Calgary Flames,3,2,H
12/28/2017,Tampa Bay Lightning,Montreal Canadiens,3,1,H
12/28/2017,Vancouver Canucks,Chicago Blackhawks,5,2,H
12/28/2017,Washington Capitals,Boston Bruins,4,3,H
12/29/2017,Anaheim Ducks,Calgary Flames,2,1,H
12/29/2017,Carolina Hurricanes,Pittsburgh Penguins,2,1,H
12/29/2017,Colorado Avalanche,Toronto Maple Leafs,4,3,H
12/29/2017,Dallas Stars,St. Louis Blues,4,2,H
12/29/2017,Detroit Red Wings,New York Rangers,3,2,H
12/29/2017,Edmonton Oilers,Chicago Blackhawks,3,4,A
12/29/2017,Minnesota Wild,Nashville Predators,4,2,H
12/29/2017,New Jersey Devils,Buffalo Sabres,3,4,A
12/29/2017,Ottawa Senators,Columbus Blue Jackets,5,4,H
12/29/2017,Tampa Bay Lightning,Philadelphia Flyers,3,5,A
12/29/2017,Winnipeg Jets,New York Islanders,4,2,H
12/30/2017,Florida Panthers,Montreal Canadiens,2,0,H
12/30/2017,Nashville Predators,Minnesota Wild,3,0,H
12/30/2017,Ottawa Senators,Boston Bruins,0,5,A
12/30/2017,St. Louis Blues,Carolina Hurricanes,3,2,H
12/30/2017,Vancouver Canucks,Los Angeles Kings,3,4,A
12/30/2017,Washington Capitals,New Jersey Devils,5,2,H
12/31/2017,Anaheim Ducks,Arizona Coyotes,5,2,H
12/31/2017,Columbus Blue Jackets,Tampa Bay Lightning,0,5,A
12/31/2017,Calgary Flames,Chicago Blackhawks,4,3,H
12/31/2017,Colorado Avalanche,New York Islanders,6,1,H
12/31/2017,Dallas Stars,San Jose Sharks,6,0,H
12/31/2017,Detroit Red Wings,Pittsburgh Penguins,4,1,H
12/31/2017,Edmonton Oilers,Winnipeg Jets,0,5,A
12/31/2017,Vegas Golden Knights,Toronto Maple Leafs,6,3,H
1/1/2018,Buffalo Sabres,New York Rangers,2,3,A
1/2/2018,Carolina Hurricanes,Washington Capitals,4,5,A
1/2/2018,Colorado Avalanche,Winnipeg Jets,3,2,H
1/2/2018,Dallas Stars,Columbus Blue Jackets,1,2,A
1/2/2018,Edmonton Oilers,Los Angeles Kings,0,5,A
1/2/2018,Minnesota Wild,Florida Panthers,5,1,H
1/2/2018,Montreal Canadiens,San Jose Sharks,1,4,A
1/2/2018,New York Islanders,Boston Bruins,1,5,A
1/2/2018,Philadelphia Flyers,Pittsburgh Penguins,1,5,A
1/2/2018,St. Louis Blues,New Jersey Devils,3,2,H
1/2/2018,Toronto Maple Leafs,Tampa Bay Lightning,0,2,A
1/2/2018,Vancouver Canucks,Anaheim Ducks,0,5,A
1/2/2018,Vegas Golden Knights,Nashville Predators,3,0,H
1/3/2018,Detroit Red Wings,Ottawa Senators,2,1,H
1/3/2018,New York Rangers,Chicago Blackhawks,2,5,A
1/4/2018,Arizona Coyotes,Nashville Predators,3,2,H
1/4/2018,Calgary Flames,Los Angeles Kings,4,3,H
1/4/2018,Colorado Avalanche,Columbus Blue Jackets,2,0,H
1/4/2018,Dallas Stars,New Jersey Devils,4,3,H
1/4/2018,Edmonton Oilers,Anaheim Ducks,2,1,H
1/4/2018,Minnesota Wild,Buffalo Sabres,6,2,H
1/4/2018,Montreal Canadiens,Tampa Bay Lightning,2,1,H
1/4/2018,Philadelphia Flyers,New York Islanders,6,4,H
1/4/2018,Pittsburgh Penguins,Carolina Hurricanes,0,4,A
1/4/2018,St. Louis Blues,Vegas Golden Knights,2,1,H
1/4/2018,Toronto Maple Leafs,San Jose Sharks,3,2,H
1/5/2018,Chicago Blackhawks,Vegas Golden Knights,4,5,A
1/5/2018,Detroit Red Wings,Florida Panthers,4,2,H
1/5/2018,New York Islanders,Pittsburgh Penguins,0,4,A
1/5/2018,Ottawa Senators,San Jose Sharks,6,5,H
1/5/2018,Winnipeg Jets,Buffalo Sabres,4,3,H
1/6/2018,Arizona Coyotes,New York Rangers,1,2,A
1/6/2018,Boston Bruins,Carolina Hurricanes,7,1,H
1/6/2018,Calgary Flames,Anaheim Ducks,3,2,H
1/6/2018,Colorado Avalanche,Minnesota Wild,7,2,H
1/6/2018,Dallas Stars,Edmonton Oilers,5,1,H
1/6/2018,Los Angeles Kings,Nashville Predators,3,4,A
1/6/2018,Ottawa Senators,Tampa Bay Lightning,6,3,H
1/6/2018,Philadelphia Flyers,St. Louis Blues,6,3,H
1/6/2018,Toronto Maple Leafs,Vancouver Canucks,3,2,H
1/7/2018,Columbus Blue Jackets,Florida Panthers,3,2,H
1/7/2018,Chicago Blackhawks,Edmonton Oilers,4,1,H
1/7/2018,Detroit Red Wings,Tampa Bay Lightning,2,5,A
1/7/2018,Montreal Canadiens,Vancouver Canucks,5,2,H
1/7/2018,New York Islanders,New Jersey Devils,5,4,H
1/7/2018,Philadelphia Flyers,Buffalo Sabres,4,1,H
1/7/2018,Pittsburgh Penguins,Boston Bruins,6,5,H
1/7/2018,Vegas Golden Knights,New York Rangers,2,1,H
1/7/2018,Winnipeg Jets,San Jose Sharks,4,1,H
1/7/2018,Washington Capitals,St. Louis Blues,4,3,H
1/8/2018,Toronto Maple Leafs,Columbus Blue Jackets,2,3,A
1/9/2018,Buffalo Sabres,Winnipeg Jets,4,7,A
1/9/2018,Minnesota Wild,Calgary Flames,2,3,A
1/9/2018,Nashville Predators,Edmonton Oilers,2,1,H
1/9/2018,Ottawa Senators,Chicago Blackhawks,2,8,A
1/9/2018,St. Louis Blues,Florida Panthers,4,7,A
1/9/2018,Tampa Bay Lightning,Carolina Hurricanes,5,4,H
1/9/2018,Washington Capitals,Vancouver Canucks,3,1,H
1/10/2018,Chicago Blackhawks,Minnesota Wild,1,2,A
1/10/2018,Toronto Maple Leafs,Ottawa Senators,3,4,A
1/11/2018,Buffalo Sabres,Columbus Blue Jackets,3,1,H
1/11/2018,Tampa Bay Lightning,Calgary Flames,1,5,A
1/11/2018,Washington Capitals,Carolina Hurricanes,1,3,A
1/12/2018,Arizona Coyotes,Edmonton Oilers,2,4,A
1/12/2018,Carolina Hurricanes,Washington Capitals,3,4,A
1/12/2018,Columbus Blue Jackets,Vancouver Canucks,2,5,A
1/12/2018,Chicago Blackhawks,Winnipeg Jets,2,1,H
1/12/2018,Florida Panthers,Calgary Flames,2,4,A
1/13/2018,Dallas Stars,Colorado Avalanche,1,4,A
1/13/2018,Los Angeles Kings,Anaheim Ducks,2,4,A
1/13/2018,Minnesota Wild,Winnipeg Jets,4,1,H
1/13/2018,Montreal Canadiens,Boston Bruins,3,4,A
1/13/2018,New Jersey Devils,Philadelphia Flyers,3,5,A
1/13/2018,New York Rangers,New York Islanders,2,7,A
1/13/2018,Pittsburgh Penguins,Detroit Red Wings,4,1,H
1/13/2018,San Jose Sharks,Arizona Coyotes,6,5,H
1/13/2018,Vegas Golden Knights,Edmonton Oilers,2,3,A
1/14/2018,Carolina Hurricanes,Calgary Flames,1,4,A
1/14/2018,Chicago Blackhawks,Detroit Red Wings,0,4,A
1/14/2018,Minnesota Wild,Vancouver Canucks,2,3,A
1/14/2018,Pittsburgh Penguins,New York Rangers,5,2,H
1/15/2018,Boston Bruins,Dallas Stars,2,3,A
1/15/2018,Colorado Avalanche,Anaheim Ducks,3,1,H
1/15/2018,Los Angeles Kings,San Jose Sharks,1,4,A
1/15/2018,Montreal Canadiens,New York Islanders,4,5,A
1/16/2018,Arizona Coyotes,San Jose Sharks,2,3,A
1/16/2018,Detroit Red Wings,Dallas Stars,2,4,A
1/16/2018,Nashville Predators,Vegas Golden Knights,1,0,H
1/16/2018,New York Islanders,New Jersey Devils,1,4,A
1/16/2018,New York Rangers,Philadelphia Flyers,5,1,H
1/16/2018,Toronto Maple Leafs,St. Louis Blues,1,2,A
1/17/2018,Anaheim Ducks,Pittsburgh Penguins,5,3,H
1/17/2018,Boston Bruins,Montreal Canadiens,4,1,H
1/18/2018,Columbus Blue Jackets,Dallas Stars,2,1,H
1/18/2018,Colorado Avalanche,San Jose Sharks,5,3,H
1/18/2018,Los Angeles Kings,Pittsburgh Penguins,1,3,A
1/18/2018,New Jersey Devils,Washington Capitals,4,3,H
1/18/2018,Nashville Predators,Arizona Coyotes,3,2,H
1/18/2018,New York Islanders,Boston Bruins,2,5,A
1/18/2018,New York Rangers,Buffalo Sabres,4,3,H
1/18/2018,Ottawa Senators,St. Louis Blues,1,4,A
1/18/2018,Philadelphia Flyers,Toronto Maple Leafs,3,2,H
1/18/2018,Tampa Bay Lightning,Vegas Golden Knights,1,4,A
1/19/2018,Anaheim Ducks,Los Angeles Kings,2,1,H
1/19/2018,Florida Panthers,Vegas Golden Knights,4,3,H
1/19/2018,Washington Capitals,Montreal Canadiens,2,3,A
1/20/2018,Buffalo Sabres,Dallas Stars,1,7,A
1/20/2018,Calgary Flames,Winnipeg Jets,1,2,A
1/20/2018,Chicago Blackhawks,New York Islanders,3,7,A
1/20/2018,Colorado Avalanche,New York Rangers,3,1,H
1/20/2018,Detroit Red Wings,Carolina Hurricanes,1,3,A
1/20/2018,Edmonton Oilers,Vancouver Canucks,5,2,H
1/20/2018,Minnesota Wild,Tampa Bay Lightning,5,2,H
1/20/2018,Montreal Canadiens,Boston Bruins,1,4,A
1/20/2018,Nashville Predators,Florida Panthers,4,3,H
1/20/2018,Ottawa Senators,Toronto Maple Leafs,3,4,A
1/20/2018,Philadelphia Flyers,New Jersey Devils,3,1,H
1/20/2018,San Jose Sharks,Pittsburgh Penguins,2,1,H
1/20/2018,St. Louis Blues,Arizona Coyotes,2,5,A
1/21/2018,Anaheim Ducks,San Jose Sharks,2,6,A
1/21/2018,Carolina Hurricanes,Vegas Golden Knights,1,5,A
1/21/2018,Los Angeles Kings,New York Rangers,4,2,H
1/21/2018,Winnipeg Jets,Vancouver Canucks,1,0,H
1/21/2018,Washington Capitals,Philadelphia Flyers,1,2,A
1/22/2018,Arizona Coyotes,New York Islanders,3,2,H
1/22/2018,Calgary Flames,Buffalo Sabres,1,2,A
1/22/2018,Chicago Blackhawks,Tampa Bay Lightning,0,2,A
1/22/2018,Minnesota Wild,Ottawa Senators,3,1,H
1/22/2018,New Jersey Devils,Detroit Red Wings,0,3,A
1/22/2018,Toronto Maple Leafs,Colorado Avalanche,2,4,A
1/23/2018,Anaheim Ducks,New York Rangers,6,3,H
1/23/2018,Boston Bruins,New Jersey Devils,3,2,H
1/23/2018,Dallas Stars,Florida Panthers,6,1,H
1/23/2018,Detroit Red Wings,Philadelphia Flyers,2,3,A
1/23/2018,Edmonton Oilers,Buffalo Sabres,0,5,A
1/23/2018,Montreal Canadiens,Colorado Avalanche,4,2,H
1/23/2018,Nashville Predators,Tampa Bay Lightning,3,4,A
1/23/2018,Pittsburgh Penguins,Carolina Hurricanes,3,1,H
1/23/2018,San Jose Sharks,Winnipeg Jets,4,5,A
1/23/2018,St. Louis Blues,Ottawa Senators,3,0,H
1/23/2018,Vancouver Canucks,Los Angeles Kings,6,2,H
1/23/2018,Vegas Golden Knights,Columbus Blue Jackets,6,3,H
1/24/2018,Calgary Flames,Los Angeles Kings,1,2,A
1/24/2018,Chicago Blackhawks,Toronto Maple Leafs,2,3,A
1/25/2018,Anaheim Ducks,Winnipeg Jets,4,3,H
1/25/2018,Arizona Coyotes,Columbus Blue Jackets,1,2,A
1/25/2018,Dallas Stars,Toronto Maple Leafs,1,4,A
1/25/2018,Detroit Red Wings,Chicago Blackhawks,1,5,A
1/25/2018,Edmonton Oilers,Calgary Flames,4,3,H
1/25/2018,Florida Panthers,Washington Capitals,2,4,A
1/25/2018,Montreal Canadiens,Carolina Hurricanes,5,6,A
1/25/2018,New Jersey Devils,Nashville Predators,0,3,A
1/25/2018,Ottawa Senators,Boston Bruins,2,3,A
1/25/2018,Philadelphia Flyers,Tampa Bay Lightning,1,5,A
1/25/2018,Pittsburgh Penguins,Minnesota Wild,6,3,H
1/25/2018,San Jose Sharks,New York Rangers,5,6,A
1/25/2018,St. Louis Blues,Colorado Avalanche,3,1,H
1/25/2018,Vancouver Canucks,Buffalo Sabres,0,4,A
1/25/2018,Vegas Golden Knights,New York Islanders,1,2,A
1/30/2018,Boston Bruins,Anaheim Ducks,1,3,A
1/30/2018,Buffalo Sabres,New Jersey Devils,1,3,A
1/30/2018,Carolina Hurricanes,Ottawa Senators,2,1,H
1/30/2018,Columbus Blue Jackets,Minnesota Wild,2,3,A
1/30/2018,Calgary Flames,Vegas Golden Knights,2,4,A
1/30/2018,Dallas Stars,Los Angeles Kings,0,3,A
1/30/2018,Nashville Predators,Chicago Blackhawks,1,2,A
1/30/2018,New York Islanders,Florida Panthers,1,4,A
1/30/2018,Pittsburgh Penguins,San Jose Sharks,5,2,H
1/30/2018,St. Louis Blues,Montreal Canadiens,3,1,H
1/30/2018,Vancouver Canucks,Colorado Avalanche,4,3,H
1/30/2018,Winnipeg Jets,Tampa Bay Lightning,3,1,H
1/31/2018,Detroit Red Wings,San Jose Sharks,2,1,H
1/31/2018,Toronto Maple Leafs,New York Islanders,5,0,H
1/31/2018,Washington Capitals,Philadelphia Flyers,5,3,H
2/1/2018,Arizona Coyotes,Dallas Stars,1,4,A
2/1/2018,Boston Bruins,St. Louis Blues,3,1,H
2/1/2018,Buffalo Sabres,Florida Panthers,2,4,A
2/1/2018,Carolina Hurricanes,Montreal Canadiens,2,0,H
2/1/2018,Calgary Flames,Tampa Bay Lightning,4,7,A
2/1/2018,Edmonton Oilers,Colorado Avalanche,3,4,A
2/1/2018,New Jersey Devils,Philadelphia Flyers,4,3,H
2/1/2018,Nashville Predators,Los Angeles Kings,5,0,H
2/1/2018,New York Rangers,Toronto Maple Leafs,0,4,A
2/1/2018,Ottawa Senators,Anaheim Ducks,2,1,H
2/1/2018,Vancouver Canucks,Chicago Blackhawks,4,2,H
2/1/2018,Winnipeg Jets,Vegas Golden Knights,2,3,A
2/2/2018,Carolina Hurricanes,Detroit Red Wings,1,4,A
2/2/2018,Columbus Blue Jackets,San Jose Sharks,1,3,A
2/2/2018,Minnesota Wild,Vegas Golden Knights,5,2,H
2/2/2018,Pittsburgh Penguins,Washington Capitals,7,4,H
2/3/2018,Boston Bruins,Toronto Maple Leafs,4,1,H
2/3/2018,Buffalo Sabres,St. Louis Blues,0,1,A
2/3/2018,Calgary Flames,Chicago Blackhawks,4,3,H
2/3/2018,Dallas Stars,Minnesota Wild,6,1,H
2/3/2018,Florida Panthers,Detroit Red Wings,3,2,H
2/3/2018,Los Angeles Kings,Arizona Coyotes,6,0,H
2/3/2018,Montreal Canadiens,Anaheim Ducks,5,2,H
2/3/2018,New Jersey Devils,Pittsburgh Penguins,3,1,H
2/3/2018,Nashville Predators,New York Rangers,5,2,H
2/3/2018,New York Islanders,Columbus Blue Jackets,4,3,H
2/3/2018,Philadelphia Flyers,Ottawa Senators,3,4,A
2/3/2018,Vancouver Canucks,Tampa Bay Lightning,2,4,A
2/3/2018,Winnipeg Jets,Colorado Avalanche,3,0,H
2/4/2018,Carolina Hurricanes,San Jose Sharks,1,3,A
2/4/2018,Montreal Canadiens,Ottawa Senators,4,1,H
2/4/2018,Washington Capitals,Vegas Golden Knights,3,4,A
2/5/2018,Dallas Stars,New York Rangers,2,1,H
2/5/2018,Edmonton Oilers,Tampa Bay Lightning,6,2,H
2/5/2018,New York Islanders,Nashville Predators,4,5,A
2/5/2018,Toronto Maple Leafs,Anaheim Ducks,7,4,H
2/6/2018,Buffalo Sabres,Anaheim Ducks,3,4,A
2/6/2018,Carolina Hurricanes,Philadelphia Flyers,1,2,A
2/6/2018,Columbus Blue Jackets,Washington Capitals,2,3,A
2/6/2018,Chicago Blackhawks,Calgary Flames,2,3,A
2/6/2018,Colorado Avalanche,San Jose Sharks,3,1,H
2/6/2018,Detroit Red Wings,Boston Bruins,2,3,A
2/6/2018,Florida Panthers,Vancouver Canucks,3,1,H
2/6/2018,Ottawa Senators,New Jersey Devils,5,3,H
2/6/2018,Pittsburgh Penguins,Vegas Golden Knights,5,4,H
2/6/2018,St. Louis Blues,Minnesota Wild,2,6,A
2/6/2018,Winnipeg Jets,Arizona Coyotes,4,3,H
2/7/2018,Los Angeles Kings,Edmonton Oilers,5,2,H
2/7/2018,New York Rangers,Boston Bruins,1,6,A
2/7/2018,Toronto Maple Leafs,Nashville Predators,3,2,H
2/8/2018,Buffalo Sabres,New York Islanders,4,3,H
2/8/2018,Chicago Blackhawks,Dallas Stars,2,4,A
2/8/2018,Minnesota Wild,Arizona Coyotes,3,4,A
2/8/2018,New Jersey Devils,Calgary Flames,2,3,A
2/8/2018,Ottawa Senators,Nashville Predators,4,3,H
2/8/2018,Philadelphia Flyers,Montreal Canadiens,5,3,H
2/8/2018,San Jose Sharks,Vegas Golden Knights,3,5,A
2/8/2018,St. Louis Blues,Colorado Avalanche,6,1,H
2/8/2018,Tampa Bay Lightning,Vancouver Canucks,5,2,H
2/9/2018,Anaheim Ducks,Edmonton Oilers,3,2,H
2/9/2018,Carolina Hurricanes,Vancouver Canucks,4,1,H
2/9/2018,Dallas Stars,Pittsburgh Penguins,4,3,H
2/9/2018,Florida Panthers,Los Angeles Kings,1,3,A
2/9/2018,New York Islanders,Detroit Red Wings,7,6,H
2/9/2018,New York Rangers,Calgary Flames,4,3,H
2/9/2018,Winnipeg Jets,St. Louis Blues,2,5,A
2/9/2018,Washington Capitals,Columbus Blue Jackets,4,2,H
2/10/2018,Arizona Coyotes,Philadelphia Flyers,3,4,A
2/10/2018,Boston Bruins,Buffalo Sabres,2,4,A
2/10/2018,Carolina Hurricanes,Colorado Avalanche,3,1,H
2/10/2018,Columbus Blue Jackets,New Jersey Devils,6,1,H
2/10/2018,Minnesota Wild,Chicago Blackhawks,3,0,H
2/10/2018,Montreal Canadiens,Nashville Predators,2,3,A
2/10/2018,San Jose Sharks,Edmonton Oilers,6,4,H
2/10/2018,Tampa Bay Lightning,Los Angeles Kings,4,3,H
2/10/2018,Toronto Maple Leafs,Ottawa Senators,6,3,H
2/11/2018,Anaheim Ducks,San Jose Sharks,2,3,A
2/11/2018,Buffalo Sabres,Colorado Avalanche,4,5,A
2/11/2018,Dallas Stars,Vancouver Canucks,0,6,A
2/11/2018,New Jersey Devils,Boston Bruins,3,5,A
2/11/2018,New York Islanders,Calgary Flames,2,3,A
2/11/2018,St. Louis Blues,Pittsburgh Penguins,1,4,A
2/11/2018,Vegas Golden Knights,Philadelphia Flyers,1,4,A
2/11/2018,Winnipeg Jets,New York Rangers,1,3,A
2/11/2018,Washington Capitals,Detroit Red Wings,4,5,A
2/12/2018,Arizona Coyotes,Chicago Blackhawks,6,1,H
2/12/2018,Edmonton Oilers,Florida Panthers,5,7,A
2/12/2018,Toronto Maple Leafs,Tampa Bay Lightning,4,3,H
2/13/2018,Boston Bruins,Calgary Flames,5,2,H
2/13/2018,Buffalo Sabres,Tampa Bay Lightning,5,3,H
2/13/2018,Carolina Hurricanes,Los Angeles Kings,7,3,H
2/13/2018,Detroit Red Wings,Anaheim Ducks,2,1,H
2/13/2018,Minnesota Wild,New York Rangers,3,2,H
2/13/2018,Nashville Predators,St. Louis Blues,4,3,H
2/13/2018,New York Islanders,Columbus Blue Jackets,1,4,A
2/13/2018,Philadelphia Flyers,New Jersey Devils,4,5,A
2/13/2018,Pittsburgh Penguins,Ottawa Senators,6,3,H
2/13/2018,San Jose Sharks,Arizona Coyotes,1,2,A
2/13/2018,Vegas Golden Knights,Chicago Blackhawks,5,2,H
2/13/2018,Winnipeg Jets,Washington Capitals,4,3,H
2/14/2018,Colorado Avalanche,Montreal Canadiens,2,0,H
2/14/2018,Toronto Maple Leafs,Columbus Blue Jackets,6,3,H
2/14/2018,Vancouver Canucks,Florida Panthers,3,4,A
2/15/2018,Arizona Coyotes,Montreal Canadiens,5,2,H
2/15/2018,Chicago Blackhawks,Anaheim Ducks,2,3,A
2/15/2018,Minnesota Wild,Washington Capitals,2,5,A
2/15/2018,New Jersey Devils,Carolina Hurricanes,5,2,H
2/15/2018,Nashville Predators,Calgary Flames,3,4,A
2/15/2018,New York Islanders,New York Rangers,3,0,H
2/15/2018,Ottawa Senators,Buffalo Sabres,3,2,H
2/15/2018,Pittsburgh Penguins,Los Angeles Kings,3,1,H
2/15/2018,San Jose Sharks,Vancouver Canucks,4,1,H
2/15/2018,Tampa Bay Lightning,Detroit Red Wings,4,1,H
2/15/2018,Vegas Golden Knights,Edmonton Oilers,4,1,H
2/16/2018,Carolina Hurricanes,New York Islanders,0,3,A
2/16/2018,Columbus Blue Jackets,Philadelphia Flyers,1,2,A
2/16/2018,Dallas Stars,St. Louis Blues,2,1,H
2/16/2018,Winnipeg Jets,Colorado Avalanche,6,1,H
2/17/2018,Arizona Coyotes,Edmonton Oilers,1,0,H
2/17/2018,Buffalo Sabres,Los Angeles Kings,2,4,A
2/17/2018,Calgary Flames,Florida Panthers,3,6,A
2/17/2018,Chicago Blackhawks,Washington Capitals,7,1,H
2/17/2018,Minnesota Wild,Anaheim Ducks,2,3,A
2/17/2018,Nashville Predators,Detroit Red Wings,1,3,A
2/17/2018,Ottawa Senators,New York Rangers,6,3,H
2/17/2018,Pittsburgh Penguins,Toronto Maple Leafs,5,3,H
2/17/2018,Tampa Bay Lightning,New Jersey Devils,3,4,A
2/17/2018,Vancouver Canucks,Boston Bruins,6,1,H
2/17/2018,Vegas Golden Knights,Montreal Canadiens,6,3,H
2/18/2018,Carolina Hurricanes,New Jersey Devils,2,3,A
2/18/2018,Columbus Blue Jackets,Pittsburgh Penguins,2,5,A
2/18/2018,Colorado Avalanche,Edmonton Oilers,2,4,A
2/18/2018,Detroit Red Wings,Toronto Maple Leafs,2,3,A
2/18/2018,New York Rangers,Philadelphia Flyers,4,7,A
2/18/2018,San Jose Sharks,Dallas Stars,5,2,H
2/18/2018,Winnipeg Jets,Florida Panthers,7,2,H
2/19/2018,Buffalo Sabres,Washington Capitals,2,3,A
2/19/2018,Calgary Flames,Boston Bruins,1,2,A
2/19/2018,Chicago Blackhawks,Los Angeles Kings,1,3,A
2/19/2018,Nashville Predators,Ottawa Senators,5,2,H
2/19/2018,New York Islanders,Minnesota Wild,3,5,A
2/19/2018,Vegas Golden Knights,Anaheim Ducks,0,2,A
2/20/2018,Detroit Red Wings,Nashville Predators,2,3,A
2/20/2018,Edmonton Oilers,Boston Bruins,2,3,A
2/20/2018,New Jersey Devils,Columbus Blue Jackets,1,2,A
2/20/2018,Philadelphia Flyers,Montreal Canadiens,3,2,H
2/20/2018,St. Louis Blues,San Jose Sharks,2,3,A
2/20/2018,Toronto Maple Leafs,Florida Panthers,1,0,H
2/20/2018,Vancouver Canucks,Colorado Avalanche,4,5,A
2/20/2018,Winnipeg Jets,Los Angeles Kings,3,4,A
2/20/2018,Washington Capitals,Tampa Bay Lightning,2,4,A
2/21/2018,Anaheim Ducks,Dallas Stars,2,0,H
2/21/2018,Chicago Blackhawks,Ottawa Senators,3,2,H
2/21/2018,Vegas Golden Knights,Calgary Flames,7,3,H
2/22/2018,Arizona Coyotes,Calgary Flames,2,5,A
2/22/2018,Detroit Red Wings,Buffalo Sabres,2,3,A
2/22/2018,Edmonton Oilers,Colorado Avalanche,3,2,H
2/22/2018,Florida Panthers,Washington Capitals,3,2,H
2/22/2018,Los Angeles Kings,Dallas Stars,0,2,A
2/22/2018,Montreal Canadiens,New York Rangers,3,1,H
2/22/2018,New Jersey Devils,Minnesota Wild,2,4,A
2/22/2018,Nashville Predators,San Jose Sharks,7,1,H
2/22/2018,Ottawa Senators,Tampa Bay Lightning,3,4,A
2/22/2018,Philadelphia Flyers,Columbus Blue Jackets,2,1,H
2/22/2018,Toronto Maple Leafs,New York Islanders,4,3,H
2/23/2018,Carolina Hurricanes,Pittsburgh Penguins,1,6,A
2/23/2018,Chicago Blackhawks,San Jose Sharks,3,1,H
2/23/2018,New York Rangers,Minnesota Wild,1,4,A
2/23/2018,St. Louis Blues,Winnipeg Jets,0,4,A
2/23/2018,Vegas Golden Knights,Vancouver Canucks,6,3,H
2/24/2018,Arizona Coyotes,Anaheim Ducks,2,0,H
2/24/2018,Columbus Blue Jackets,Chicago Blackhawks,3,2,H
2/24/2018,Calgary Flames,Colorado Avalanche,5,1,H
2/24/2018,Dallas Stars,Winnipeg Jets,3,5,A
2/24/2018,Detroit Red Wings,Carolina Hurricanes,3,1,H
2/24/2018,Florida Panthers,Pittsburgh Penguins,6,5,H
2/24/2018,Los Angeles Kings,Edmonton Oilers,3,4,A
2/24/2018,Montreal Canadiens,Tampa Bay Lightning,3,4,A
2/24/2018,New Jersey Devils,New York Islanders,2,1,H
2/24/2018,Ottawa Senators,Philadelphia Flyers,3,5,A
2/24/2018,Toronto Maple Leafs,Boston Bruins,4,3,H
2/24/2018,Washington Capitals,Buffalo Sabres,5,1,H
2/25/2018,Anaheim Ducks,Edmonton Oilers,5,6,A
2/25/2018,Arizona Coyotes,Vancouver Canucks,1,3,A
2/25/2018,Buffalo Sabres,Boston Bruins,4,1,H
2/25/2018,Minnesota Wild,San Jose Sharks,3,2,H
2/25/2018,Nashville Predators,St. Louis Blues,4,0,H
2/25/2018,New York Rangers,Detroit Red Wings,2,3,A
2/26/2018,Columbus Blue Jackets,Washington Capitals,5,1,H
2/26/2018,Colorado Avalanche,Vancouver Canucks,3,1,H
2/26/2018,Los Angeles Kings,Vegas Golden Knights,3,2,H
2/26/2018,Montreal Canadiens,Philadelphia Flyers,0,1,A
2/26/2018,Tampa Bay Lightning,Toronto Maple Leafs,4,3,H
2/27/2018,Boston Bruins,Carolina Hurricanes,4,3,H
2/27/2018,Dallas Stars,Calgary Flames,2,0,H
2/27/2018,Florida Panthers,Toronto Maple Leafs,3,2,H
2/27/2018,Minnesota Wild,St. Louis Blues,8,3,H
2/27/2018,Pittsburgh Penguins,New Jersey Devils,2,3,A
2/27/2018,San Jose Sharks,Edmonton Oilers,5,2,H
2/27/2018,Vegas Golden Knights,Los Angeles Kings,1,4,A
2/27/2018,Winnipeg Jets,Nashville Predators,5,6,A
2/27/2018,Washington Capitals,Ottawa Senators,3,2,H
2/28/2018,Colorado Avalanche,Calgary Flames,5,2,H
2/28/2018,Montreal Canadiens,New York Islanders,3,1,H
2/28/2018,St. Louis Blues,Detroit Red Wings,2,1,H
2/28/2018,Tampa Bay Lightning,Buffalo Sabres,1,2,A
2/28/2018,Vancouver Canucks,New York Rangers,5,6,A
3/1/2018,Arizona Coyotes,Minnesota Wild,5,3,H
3/1/2018,Boston Bruins,Pittsburgh Penguins,8,4,H
3/1/2018,Dallas Stars,Tampa Bay Lightning,4,5,A
3/1/2018,Edmonton Oilers,Nashville Predators,2,4,A
3/1/2018,Florida Panthers,New Jersey Devils,3,2,H
3/1/2018,Los Angeles Kings,Columbus Blue Jackets,5,2,H
3/1/2018,Philadelphia Flyers,Carolina Hurricanes,1,4,A
3/1/2018,San Jose Sharks,Chicago Blackhawks,7,2,H
3/2/2018,Anaheim Ducks,Columbus Blue Jackets,4,2,H
3/2/2018,Carolina Hurricanes,New Jersey Devils,3,1,H
3/2/2018,Calgary Flames,New York Rangers,1,3,A
3/2/2018,Colorado Avalanche,Minnesota Wild,7,1,H
3/2/2018,Florida Panthers,Buffalo Sabres,4,1,H
3/2/2018,New York Islanders,Montreal Canadiens,3,6,A
3/2/2018,Vancouver Canucks,Nashville Predators,3,4,A
3/2/2018,Vegas Golden Knights,Ottawa Senators,4,5,A
3/2/2018,Winnipeg Jets,Detroit Red Wings,4,3,H
3/3/2018,Arizona Coyotes,Ottawa Senators,2,1,H
3/3/2018,Boston Bruins,Montreal Canadiens,2,1,H
3/3/2018,Dallas Stars,St. Louis Blues,3,2,H
3/3/2018,Edmonton Oilers,New York Rangers,2,3,A
3/3/2018,Los Angeles Kings,Chicago Blackhawks,3,5,A
3/3/2018,Pittsburgh Penguins,New York Islanders,3,2,H
3/3/2018,Tampa Bay Lightning,Philadelphia Flyers,7,6,H
3/3/2018,Washington Capitals,Toronto Maple Leafs,5,2,H
3/4/2018,Anaheim Ducks,Chicago Blackhawks,6,3,H
3/4/2018,Carolina Hurricanes,Winnipeg Jets,2,3,A
3/4/2018,Colorado Avalanche,Nashville Predators,3,4,A
3/4/2018,Florida Panthers,Philadelphia Flyers,4,1,H
3/4/2018,Minnesota Wild,Detroit Red Wings,4,1,H
3/4/2018,New Jersey Devils,Vegas Golden Knights,2,3,A
3/4/2018,San Jose Sharks,Columbus Blue Jackets,2,4,A
3/5/2018,Buffalo Sabres,Toronto Maple Leafs,5,3,H
3/5/2018,Dallas Stars,Ottawa Senators,2,3,A
3/5/2018,Edmonton Oilers,Arizona Coyotes,4,3,H
3/5/2018,Pittsburgh Penguins,Calgary Flames,4,3,H
3/5/2018,Vancouver Canucks,New York Islanders,4,3,H
3/6/2018,Anaheim Ducks,Washington Capitals,4,0,H
3/6/2018,Boston Bruins,Detroit Red Wings,6,5,H
3/6/2018,Columbus Blue Jackets,Vegas Golden Knights,4,1,H
3/6/2018,Chicago Blackhawks,Colorado Avalanche,2,1,H
3/6/2018,Minnesota Wild,Carolina Hurricanes,6,2,H
3/6/2018,New Jersey Devils,Montreal Canadiens,6,4,H
3/6/2018,Nashville Predators,Dallas Stars,2,0,H
3/6/2018,New York Rangers,Winnipeg Jets,0,3,A
3/6/2018,Tampa Bay Lightning,Florida Panthers,5,4,H
3/7/2018,Buffalo Sabres,Calgary Flames,1,5,A
3/7/2018,Philadelphia Flyers,Pittsburgh Penguins,2,5,A
3/7/2018,Vancouver Canucks,Arizona Coyotes,1,2,A
3/8/2018,Boston Bruins,Philadelphia Flyers,3,2,H
3/8/2018,Columbus Blue Jackets,Colorado Avalanche,5,4,H
3/8/2018,Chicago Blackhawks,Carolina Hurricanes,2,3,A
3/8/2018,Detroit Red Wings,Vegas Golden Knights,0,4,A
3/8/2018,Edmonton Oilers,New York Islanders,2,1,H
3/8/2018,Florida Panthers,Montreal Canadiens,5,0,H
3/8/2018,Los Angeles Kings,Washington Capitals,3,1,H
3/8/2018,New Jersey Devils,Winnipeg Jets,2,3,A
3/8/2018,Nashville Predators,Anaheim Ducks,4,2,H
3/8/2018,Ottawa Senators,Buffalo Sabres,3,4,A
3/8/2018,San Jose Sharks,St. Louis Blues,2,0,H
3/8/2018,Tampa Bay Lightning,New York Rangers,5,3,H
3/9/2018,Columbus Blue Jackets,Detroit Red Wings,3,2,H
3/9/2018,Dallas Stars,Anaheim Ducks,2,1,H
3/9/2018,Ottawa Senators,Calgary Flames,1,2,A
3/9/2018,Vancouver Canucks,Minnesota Wild,2,5,A
3/10/2018,Boston Bruins,Chicago Blackhawks,7,4,H
3/10/2018,Buffalo Sabres,Vegas Golden Knights,1,2,A
3/10/2018,Colorado Avalanche,Arizona Coyotes,5,2,H
3/10/2018,Edmonton Oilers,Minnesota Wild,4,1,H
3/10/2018,Florida Panthers,New York Rangers,4,3,H
3/10/2018,Los Angeles Kings,St. Louis Blues,2,7,A
3/10/2018,Nashville Predators,New Jersey Devils,2,3,A
3/10/2018,Philadelphia Flyers,Winnipeg Jets,2,1,H
3/10/2018,San Jose Sharks,Washington Capitals,0,2,A
3/10/2018,Tampa Bay Lightning,Montreal Canadiens,3,2,H
3/10/2018,Toronto Maple Leafs,Pittsburgh Penguins,5,2,H
3/11/2018,Arizona Coyotes,Vancouver Canucks,1,0,H
3/11/2018,Calgary Flames,New York Islanders,2,5,A
3/11/2018,Chicago Blackhawks,Boston Bruins,3,1,H
3/11/2018,Pittsburgh Penguins,Dallas Stars,3,1,H
3/12/2018,Anaheim Ducks,St. Louis Blues,2,4,A
3/12/2018,Columbus Blue Jackets,Montreal Canadiens,5,2,H
3/12/2018,Florida Panthers,Ottawa Senators,3,5,A
3/12/2018,Los Angeles Kings,Vancouver Canucks,3,0,H
3/12/2018,New York Rangers,Carolina Hurricanes,6,3,H
3/12/2018,Philadelphia Flyers,Vegas Golden Knights,2,3,A
3/12/2018,San Jose Sharks,Detroit Red Wings,5,3,H
3/12/2018,Washington Capitals,Winnipeg Jets,3,2,H
