Date,HomeTeam,AwayTeam
3/13/2018,Arizona Coyotes,Los Angeles Kings
3/13/2018,Carolina Hurricanes,Boston Bruins
3/13/2018,Calgary Flames,Edmonton Oilers
3/13/2018,Minnesota Wild,Colorado Avalanche
3/13/2018,Montreal Canadiens,Dallas Stars
3/13/2018,Nashville Predators,Winnipeg Jets
3/13/2018,Tampa Bay Lightning,Ottawa Senators
3/14/2018,Anaheim Ducks,Vancouver Canucks
3/14/2018,Edmonton Oilers,San Jose Sharks
3/14/2018,New York Rangers,Pittsburgh Penguins
3/14/2018,Toronto Maple Leafs,Dallas Stars
3/14/2018,Vegas Golden Knights,New Jersey Devils
3/15/2018,Arizona Coyotes,Nashville Predators
3/15/2018,Buffalo Sabres,Toronto Maple Leafs
3/15/2018,Florida Panthers,Boston Bruins
3/15/2018,Los Angeles Kings,Detroit Red Wings
3/15/2018,Montreal Canadiens,Pittsburgh Penguins
3/15/2018,New York Islanders,Washington Capitals
3/15/2018,Philadelphia Flyers,Columbus Blue Jackets
3/15/2018,St. Louis Blues,Colorado Avalanche
3/15/2018,Winnipeg Jets,Chicago Blackhawks
3/16/2018,Anaheim Ducks,Detroit Red Wings
3/16/2018,Calgary Flames,San Jose Sharks
3/16/2018,Colorado Avalanche,Nashville Predators
3/16/2018,Ottawa Senators,Dallas Stars
3/16/2018,Vegas Golden Knights,Minnesota Wild
3/16/2018,Washington Capitals,New York Islanders
3/17/2018,Arizona Coyotes,Minnesota Wild
3/17/2018,Buffalo Sabres,Chicago Blackhawks
3/17/2018,Carolina Hurricanes,Philadelphia Flyers
3/17/2018,Columbus Blue Jackets,Ottawa Senators
3/17/2018,Florida Panthers,Edmonton Oilers
3/17/2018,Los Angeles Kings,New Jersey Devils
3/17/2018,St. Louis Blues,New York Rangers
3/17/2018,Tampa Bay Lightning,Boston Bruins
3/17/2018,Toronto Maple Leafs,Montreal Canadiens
3/17/2018,Vancouver Canucks,San Jose Sharks
3/18/2018,Anaheim Ducks,New Jersey Devils
3/18/2018,Chicago Blackhawks,St. Louis Blues
3/18/2018,Colorado Avalanche,Detroit Red Wings
3/18/2018,New York Islanders,Carolina Hurricanes
3/18/2018,Philadelphia Flyers,Washington Capitals
3/18/2018,Tampa Bay Lightning,Edmonton Oilers
3/18/2018,Vegas Golden Knights,Calgary Flames
3/18/2018,Winnipeg Jets,Dallas Stars
3/19/2018,Arizona Coyotes,Calgary Flames
3/19/2018,Boston Bruins,Columbus Blue Jackets
3/19/2018,Buffalo Sabres,Nashville Predators
3/19/2018,Minnesota Wild,Los Angeles Kings
3/19/2018,Montreal Canadiens,Florida Panthers
43179,Carolina Hurricanes,Edmonton Oilers
43179,Chicago Blackhawks,Colorado Avalanche
43179,Detroit Red Wings,Philadelphia Flyers
43179,New York Islanders,Pittsburgh Penguins
43179,New York Rangers,Columbus Blue Jackets
43179,Ottawa Senators,Florida Panthers
43179,San Jose Sharks,New Jersey Devils
43179,Tampa Bay Lightning,Toronto Maple Leafs
43179,Vegas Golden Knights,Vancouver Canucks
43179,Winnipeg Jets,Los Angeles Kings
43179,Washington Capitals,Dallas Stars
43180,Buffalo Sabres,Arizona Coyotes
43180,Calgary Flames,Anaheim Ducks
43180,Pittsburgh Penguins,Montreal Canadiens
43180,St. Louis Blues,Boston Bruins
43181,Carolina Hurricanes,Arizona Coyotes
43181,Columbus Blue Jackets,Florida Panthers
43181,Chicago Blackhawks,Vancouver Canucks
43181,Colorado Avalanche,Los Angeles Kings
43181,Detroit Red Wings,Washington Capitals
43181,Nashville Predators,Toronto Maple Leafs
43181,New York Islanders,Tampa Bay Lightning
43181,Ottawa Senators,Edmonton Oilers
43181,Philadelphia Flyers,New York Rangers
43181,San Jose Sharks,Vegas Golden Knights
43182,Buffalo Sabres,Montreal Canadiens
43182,Dallas Stars,Boston Bruins
43182,Pittsburgh Penguins,New Jersey Devils
43182,St. Louis Blues,Vancouver Canucks
43182,Winnipeg Jets,Anaheim Ducks
43183,Columbus Blue Jackets,St. Louis Blues
43183,Colorado Avalanche,Vegas Golden Knights
43183,Edmonton Oilers,Los Angeles Kings
43183,Florida Panthers,Arizona Coyotes
43183,Minnesota Wild,Nashville Predators
43183,Montreal Canadiens,Washington Capitals
43183,New Jersey Devils,Tampa Bay Lightning
43183,New York Islanders,Chicago Blackhawks
43183,New York Rangers,Buffalo Sabres
43183,Ottawa Senators,Carolina Hurricanes
43183,San Jose Sharks,Calgary Flames
43183,Toronto Maple Leafs,Detroit Red Wings
43184,Dallas Stars,Vancouver Canucks
43184,Edmonton Oilers,Anaheim Ducks
43184,Minnesota Wild,Boston Bruins
43184,Pittsburgh Penguins,Philadelphia Flyers
43184,Winnipeg Jets,Nashville Predators
43185,Carolina Hurricanes,Ottawa Senators
43185,Chicago Blackhawks,San Jose Sharks
43185,Los Angeles Kings,Calgary Flames
43185,Montreal Canadiens,Detroit Red Wings
43185,New York Islanders,Florida Panthers
43185,New York Rangers,Washington Capitals
43185,Tampa Bay Lightning,Arizona Coyotes
43185,Toronto Maple Leafs,Buffalo Sabres
43185,Vegas Golden Knights,Colorado Avalanche
43186,Dallas Stars,Philadelphia Flyers
43186,Detroit Red Wings,Pittsburgh Penguins
43186,Edmonton Oilers,Columbus Blue Jackets
43186,New Jersey Devils,Carolina Hurricanes
43186,Nashville Predators,Minnesota Wild
43186,Ottawa Senators,New York Islanders
43186,St. Louis Blues,San Jose Sharks
43186,Vancouver Canucks,Anaheim Ducks
43186,Winnipeg Jets,Boston Bruins
43187,Colorado Avalanche,Philadelphia Flyers
43187,Toronto Maple Leafs,Florida Panthers
43187,Vegas Golden Knights,Arizona Coyotes
43187,Washington Capitals,New York Rangers
43188,Boston Bruins,Tampa Bay Lightning
43188,Buffalo Sabres,Detroit Red Wings
43188,Calgary Flames,Columbus Blue Jackets
43188,Chicago Blackhawks,Winnipeg Jets
43188,Los Angeles Kings,Arizona Coyotes
43188,Minnesota Wild,Dallas Stars
43188,New Jersey Devils,Pittsburgh Penguins
43188,Nashville Predators,San Jose Sharks
43188,Ottawa Senators,Florida Panthers
43188,Vancouver Canucks,Edmonton Oilers
43189,Anaheim Ducks,Los Angeles Kings
43189,Colorado Avalanche,Chicago Blackhawks
43189,New York Islanders,Toronto Maple Leafs
43189,New York Rangers,Tampa Bay Lightning
43189,Vegas Golden Knights,St. Louis Blues
43189,Washington Capitals,Carolina Hurricanes
43190,Arizona Coyotes,St. Louis Blues
43190,Boston Bruins,Florida Panthers
43190,Carolina Hurricanes,New York Rangers
43190,Calgary Flames,Edmonton Oilers
43190,Dallas Stars,Minnesota Wild
43190,Detroit Red Wings,Ottawa Senators
43190,New Jersey Devils,New York Islanders
43190,Nashville Predators,Buffalo Sabres
43190,Pittsburgh Penguins,Montreal Canadiens
43190,Toronto Maple Leafs,Winnipeg Jets
43190,Vancouver Canucks,Columbus Blue Jackets
43190,Vegas Golden Knights,San Jose Sharks
43191,Anaheim Ducks,Colorado Avalanche
43191,Montreal Canadiens,New Jersey Devils
43191,Philadelphia Flyers,Boston Bruins
43191,Pittsburgh Penguins,Washington Capitals
43191,Tampa Bay Lightning,Nashville Predators
43192,Florida Panthers,Carolina Hurricanes
43192,Los Angeles Kings,Colorado Avalanche
43192,Minnesota Wild,Edmonton Oilers
43192,Ottawa Senators,Winnipeg Jets
43192,St. Louis Blues,Washington Capitals
43192,Toronto Maple Leafs,Buffalo Sabres
43193,Columbus Blue Jackets,Detroit Red Wings
43193,Calgary Flames,Arizona Coyotes
43193,Florida Panthers,Nashville Predators
43193,Montreal Canadiens,Winnipeg Jets
43193,New Jersey Devils,New York Rangers
43193,New York Islanders,Philadelphia Flyers
43193,San Jose Sharks,Dallas Stars
43193,Tampa Bay Lightning,Boston Bruins
43193,Vancouver Canucks,Vegas Golden Knights
43194,Anaheim Ducks,Minnesota Wild
43194,Buffalo Sabres,Ottawa Senators
43194,St. Louis Blues,Chicago Blackhawks
43195,Columbus Blue Jackets,Pittsburgh Penguins
43195,Detroit Red Wings,Montreal Canadiens
43195,Edmonton Oilers,Vegas Golden Knights
43195,Florida Panthers,Boston Bruins
43195,Los Angeles Kings,Minnesota Wild
43195,New Jersey Devils,Toronto Maple Leafs
43195,New York Islanders,New York Rangers
43195,Philadelphia Flyers,Carolina Hurricanes
43195,San Jose Sharks,Colorado Avalanche
43195,Vancouver Canucks,Arizona Coyotes
43195,Winnipeg Jets,Calgary Flames
43195,Washington Capitals,Nashville Predators
43196,Anaheim Ducks,Dallas Stars
43196,Chicago Blackhawks,St. Louis Blues
43196,Pittsburgh Penguins,Ottawa Senators
43196,Tampa Bay Lightning,Buffalo Sabres
43197,Arizona Coyotes,Anaheim Ducks
43197,Boston Bruins,Ottawa Senators
43197,Carolina Hurricanes,Tampa Bay Lightning
43197,Calgary Flames,Vegas Golden Knights
43197,Colorado Avalanche,St. Louis Blues
43197,Detroit Red Wings,New York Islanders
43197,Edmonton Oilers,Vancouver Canucks
43197,Florida Panthers,Buffalo Sabres
43197,Los Angeles Kings,Dallas Stars
43197,Nashville Predators,Columbus Blue Jackets
43197,Philadelphia Flyers,New York Rangers
43197,San Jose Sharks,Minnesota Wild
43197,Toronto Maple Leafs,Montreal Canadiens
43197,Winnipeg Jets,Chicago Blackhawks
43197,Washington Capitals,New Jersey Devils
43198,Boston Bruins,Florida Panthers
